{
    "__version_entry__": [
        {
            "__Tool__": "tummnist_lenet ",
            "__Version__": "dh_prob_full_testset",
            "__Time__": "2024-10-18 17:53:34"
        }
    ],
    "__evaluations_metrics__": [
        {
            "op_class": 8,
            "op_class_name": "8",
            "op_class_prob": 0.71
        }
    ],
    "__ground_truth_metrics__": [
        {
            "op_class": 6,
            "op_class_name": "6",
            "op_class_prob": 1.0
        }
    ],
    "__image_quality_metrics__": [
        {
            "org_image": "942",
            "SSIM": 0.0,
            "MSE": 0.46,
            "l0_norm": 536,
            "l2_norm": 19.02,
            "linf_norm": 1.0,
            "transformations": "transformations-fog-speckle_noise"
        }
    ],
    "__gt_labels__": [
        {
            "__gt_class__": 6,
            "__gt_classname__": "6"
        }
    ]
}