{
    "__version_entry__": [
        {
            "__Tool__": "tummnist_lenet ",
            "__Version__": "dh_prob_full_testset",
            "__Time__": "2024-10-29 18:30:23"
        }
    ],
    "__evaluations_metrics__": [
        {
            "op_class": 5,
            "op_class_name": "5",
            "op_class_prob": 0.37
        }
    ],
    "__ground_truth_metrics__": [
        {
            "op_class": 9,
            "op_class_name": "9",
            "op_class_prob": 1.0
        }
    ],
    "__image_quality_metrics__": [
        {
            "org_image": "281",
            "SSIM": 0.03,
            "MSE": 0.09,
            "l0_norm": 784,
            "l2_norm": 8.57,
            "linf_norm": 0.89,
            "transformations": "transformations-contrast-fog"
        }
    ],
    "__latent_space_distances__": [
        {
            "org_dist": 18.824,
            "curr_dist": "66.075"
        }
    ],
    "__gt_labels__": [
        {
            "__gt_class__": 9,
            "__gt_classname__": "9"
        }
    ]
}