{
    "__version_entry__": [
        {
            "__Tool__": "tummnist_lenet ",
            "__Version__": "dh_prob_full_testset",
            "__Time__": "2024-10-29 18:30:23"
        }
    ],
    "__evaluations_metrics__": [
        {
            "op_class": 4,
            "op_class_name": "4",
            "op_class_prob": 0.29
        }
    ],
    "__ground_truth_metrics__": [
        {
            "op_class": 3,
            "op_class_name": "3",
            "op_class_prob": 1.0
        }
    ],
    "__image_quality_metrics__": [
        {
            "org_image": "958",
            "SSIM": 0.06,
            "MSE": 0.06,
            "l0_norm": 778,
            "l2_norm": 7.13,
            "linf_norm": 0.93,
            "transformations": "transformations-gaussian_blur-motion_blur"
        }
    ],
    "__latent_space_distances__": [
        {
            "org_dist": 46.28,
            "curr_dist": "80.017"
        }
    ],
    "__gt_labels__": [
        {
            "__gt_class__": 3,
            "__gt_classname__": "3"
        }
    ]
}