{
    "__version_entry__": [
        {
            "__Tool__": "tummnist_lenet ",
            "__Version__": "dh_prob_full_testset",
            "__Time__": "2024-10-18 17:53:34"
        }
    ],
    "__evaluations_metrics__": [
        {
            "op_class": 8,
            "op_class_name": "8",
            "op_class_prob": 0.99
        }
    ],
    "__ground_truth_metrics__": [
        {
            "op_class": 4,
            "op_class_name": "4",
            "op_class_prob": 1.0
        }
    ],
    "__image_quality_metrics__": [
        {
            "org_image": "1575",
            "SSIM": 0.02,
            "MSE": 0.46,
            "l0_norm": 521,
            "l2_norm": 18.93,
            "linf_norm": 1.0,
            "transformations": "transformations-fog-speckle_noise"
        }
    ],
    "__gt_labels__": [
        {
            "__gt_class__": 4,
            "__gt_classname__": "4"
        }
    ]
}