{
    "__version_entry__": [
        {
            "__Tool__": "tummnist_lenet ",
            "__Version__": "dh_prob_full_testset",
            "__Time__": "2024-10-18 17:53:34"
        }
    ],
    "__evaluations_metrics__": [
        {
            "op_class": 5,
            "op_class_name": "5",
            "op_class_prob": 0.4
        }
    ],
    "__ground_truth_metrics__": [
        {
            "op_class": 3,
            "op_class_name": "3",
            "op_class_prob": 1.0
        }
    ],
    "__image_quality_metrics__": [
        {
            "org_image": "8115",
            "SSIM": 0.18,
            "MSE": 0.24,
            "l0_norm": 219,
            "l2_norm": 13.67,
            "linf_norm": 1.0,
            "transformations": "transformations-solarize"
        }
    ],
    "__gt_labels__": [
        {
            "__gt_class__": 3,
            "__gt_classname__": "3"
        }
    ]
}