{
    "__version_entry__": [
        {
            "__Tool__": "tummnist_lenet ",
            "__Version__": "dh_prob_full_testset",
            "__Time__": "2024-10-18 17:53:34"
        }
    ],
    "__evaluations_metrics__": [
        {
            "op_class": 8,
            "op_class_name": "8",
            "op_class_prob": 1.0
        }
    ],
    "__ground_truth_metrics__": [
        {
            "op_class": 1,
            "op_class_name": "1",
            "op_class_prob": 1.0
        }
    ],
    "__image_quality_metrics__": [
        {
            "org_image": "2473",
            "SSIM": 0.24,
            "MSE": 0.34,
            "l0_norm": 323,
            "l2_norm": 16.35,
            "linf_norm": 1.0,
            "transformations": "transformations-gaussian_noise-equalize"
        }
    ],
    "__gt_labels__": [
        {
            "__gt_class__": 1,
            "__gt_classname__": "1"
        }
    ]
}