{
    "__version_entry__": [
        {
            "__Tool__": "tummnist_lenet ",
            "__Version__": "dh_prob_full_testset",
            "__Time__": "2024-10-29 18:30:23"
        }
    ],
    "__evaluations_metrics__": [
        {
            "op_class": 2,
            "op_class_name": "2",
            "op_class_prob": 0.83
        }
    ],
    "__ground_truth_metrics__": [
        {
            "op_class": 6,
            "op_class_name": "6",
            "op_class_prob": 1.0
        }
    ],
    "__image_quality_metrics__": [
        {
            "org_image": "566",
            "SSIM": 0.1,
            "MSE": 0.14,
            "l0_norm": 784,
            "l2_norm": 10.31,
            "linf_norm": 0.97,
            "transformations": "transformations-gaussian_blur-saturate"
        }
    ],
    "__latent_space_distances__": [
        {
            "org_dist": 19.572,
            "curr_dist": "66.905"
        }
    ],
    "__gt_labels__": [
        {
            "__gt_class__": 6,
            "__gt_classname__": "6"
        }
    ]
}