{
    "__version_entry__": [
        {
            "__Tool__": "tummnist_lenet ",
            "__Version__": "dh_prob_full_testset",
            "__Time__": "2024-10-29 18:30:23"
        }
    ],
    "__evaluations_metrics__": [
        {
            "op_class": 8,
            "op_class_name": "8",
            "op_class_prob": 0.74
        }
    ],
    "__ground_truth_metrics__": [
        {
            "op_class": 6,
            "op_class_name": "6",
            "op_class_prob": 1.0
        }
    ],
    "__image_quality_metrics__": [
        {
            "org_image": "3991",
            "SSIM": 0.14,
            "MSE": 0.43,
            "l0_norm": 784,
            "l2_norm": 18.41,
            "linf_norm": 0.71,
            "transformations": "transformations-fog"
        }
    ],
    "__latent_space_distances__": [
        {
            "org_dist": 14.217,
            "curr_dist": "66.849"
        }
    ],
    "__gt_labels__": [
        {
            "__gt_class__": 6,
            "__gt_classname__": "6"
        }
    ]
}