{
    "__version_entry__": [
        {
            "__Tool__": "tummnist_lenet ",
            "__Version__": "dh_prob_full_testset",
            "__Time__": "2024-10-29 18:30:23"
        }
    ],
    "__evaluations_metrics__": [
        {
            "op_class": 7,
            "op_class_name": "7",
            "op_class_prob": 0.55
        }
    ],
    "__ground_truth_metrics__": [
        {
            "op_class": 1,
            "op_class_name": "1",
            "op_class_prob": 1.0
        }
    ],
    "__image_quality_metrics__": [
        {
            "org_image": "716",
            "SSIM": 0.72,
            "MSE": 0.03,
            "l0_norm": 149,
            "l2_norm": 4.59,
            "linf_norm": 0.9,
            "transformations": "transformations-equalize-zoom_blur"
        }
    ],
    "__latent_space_distances__": [
        {
            "org_dist": 33.101,
            "curr_dist": "58.719"
        }
    ],
    "__gt_labels__": [
        {
            "__gt_class__": 1,
            "__gt_classname__": "1"
        }
    ]
}