{
    "__version_entry__": [
        {
            "__Tool__": "tummnist_lenet ",
            "__Version__": "dh_prob_full_testset",
            "__Time__": "2024-10-29 18:30:23"
        }
    ],
    "__evaluations_metrics__": [
        {
            "op_class": 8,
            "op_class_name": "8",
            "op_class_prob": 0.93
        }
    ],
    "__ground_truth_metrics__": [
        {
            "op_class": 9,
            "op_class_name": "9",
            "op_class_prob": 1.0
        }
    ],
    "__image_quality_metrics__": [
        {
            "org_image": "1385",
            "SSIM": 0.04,
            "MSE": 0.44,
            "l0_norm": 506,
            "l2_norm": 18.5,
            "linf_norm": 1.0,
            "transformations": "transformations-fog-speckle_noise"
        }
    ],
    "__latent_space_distances__": [
        {
            "org_dist": 15.585,
            "curr_dist": "66.096"
        }
    ],
    "__gt_labels__": [
        {
            "__gt_class__": 9,
            "__gt_classname__": "9"
        }
    ]
}