{
    "__version_entry__": [
        {
            "__Tool__": "tummnist_lenet ",
            "__Version__": "dh_prob_full_testset",
            "__Time__": "2024-10-29 18:30:23"
        }
    ],
    "__evaluations_metrics__": [
        {
            "op_class": 5,
            "op_class_name": "5",
            "op_class_prob": 0.6
        }
    ],
    "__ground_truth_metrics__": [
        {
            "op_class": 2,
            "op_class_name": "2",
            "op_class_prob": 1.0
        }
    ],
    "__image_quality_metrics__": [
        {
            "org_image": "624",
            "SSIM": 0.26,
            "MSE": 0.06,
            "l0_norm": 264,
            "l2_norm": 6.59,
            "linf_norm": 0.98,
            "transformations": "transformations-speckle_noise-motion_blur"
        }
    ],
    "__latent_space_distances__": [
        {
            "org_dist": 25.374,
            "curr_dist": "69.876"
        }
    ],
    "__gt_labels__": [
        {
            "__gt_class__": 2,
            "__gt_classname__": "2"
        }
    ]
}