{
    "__version_entry__": [
        {
            "__Tool__": "tummnist_lenet ",
            "__Version__": "dh_prob_full_testset",
            "__Time__": "2024-10-29 18:30:23"
        }
    ],
    "__evaluations_metrics__": [
        {
            "op_class": 8,
            "op_class_name": "8",
            "op_class_prob": 1.0
        }
    ],
    "__ground_truth_metrics__": [
        {
            "op_class": 2,
            "op_class_name": "2",
            "op_class_prob": 1.0
        }
    ],
    "__image_quality_metrics__": [
        {
            "org_image": "43",
            "SSIM": 0.04,
            "MSE": 0.4,
            "l0_norm": 486,
            "l2_norm": 17.81,
            "linf_norm": 1.0,
            "transformations": "transformations-fog-speckle_noise"
        }
    ],
    "__latent_space_distances__": [
        {
            "org_dist": 40.336,
            "curr_dist": "69.888"
        }
    ],
    "__gt_labels__": [
        {
            "__gt_class__": 2,
            "__gt_classname__": "2"
        }
    ]
}