{
    "__version_entry__": [
        {
            "__Tool__": "tummnist_lenet ",
            "__Version__": "dh_prob_full_testset",
            "__Time__": "2024-10-18 17:53:34"
        }
    ],
    "__evaluations_metrics__": [
        {
            "op_class": 5,
            "op_class_name": "5",
            "op_class_prob": 0.96
        }
    ],
    "__ground_truth_metrics__": [
        {
            "op_class": 0,
            "op_class_name": "0",
            "op_class_prob": 1.0
        }
    ],
    "__image_quality_metrics__": [
        {
            "org_image": "6015",
            "SSIM": 0.44,
            "MSE": 0.08,
            "l0_norm": 374,
            "l2_norm": 7.74,
            "linf_norm": 0.85,
            "transformations": "transformations-motion_blur"
        }
    ],
    "__gt_labels__": [
        {
            "__gt_class__": 0,
            "__gt_classname__": "0"
        }
    ]
}