{
    "__version_entry__": [
        {
            "__Tool__": "tummnist_lenet ",
            "__Version__": "dh_prob_full_testset",
            "__Time__": "2024-10-18 17:53:34"
        }
    ],
    "__evaluations_metrics__": [
        {
            "op_class": 8,
            "op_class_name": "8",
            "op_class_prob": 1.0
        }
    ],
    "__ground_truth_metrics__": [
        {
            "op_class": 5,
            "op_class_name": "5",
            "op_class_prob": 1.0
        }
    ],
    "__image_quality_metrics__": [
        {
            "org_image": "162",
            "SSIM": 0.2,
            "MSE": 0.51,
            "l0_norm": 784,
            "l2_norm": 19.93,
            "linf_norm": 0.88,
            "transformations": "transformations-fog-saturate"
        }
    ],
    "__gt_labels__": [
        {
            "__gt_class__": 5,
            "__gt_classname__": "5"
        }
    ]
}