{
    "__version_entry__": [
        {
            "__Tool__": "tummnist_lenet ",
            "__Version__": "dh_prob_full_testset",
            "__Time__": "2024-10-29 18:30:23"
        }
    ],
    "__evaluations_metrics__": [
        {
            "op_class": 8,
            "op_class_name": "8",
            "op_class_prob": 0.9
        }
    ],
    "__ground_truth_metrics__": [
        {
            "op_class": 4,
            "op_class_name": "4",
            "op_class_prob": 1.0
        }
    ],
    "__image_quality_metrics__": [
        {
            "org_image": "325",
            "SSIM": 0.05,
            "MSE": 0.33,
            "l0_norm": 784,
            "l2_norm": 16.09,
            "linf_norm": 0.65,
            "transformations": "transformations-fog-fog"
        }
    ],
    "__latent_space_distances__": [
        {
            "org_dist": 25.843,
            "curr_dist": "67.338"
        }
    ],
    "__gt_labels__": [
        {
            "__gt_class__": 4,
            "__gt_classname__": "4"
        }
    ]
}