{
    "__version_entry__": [
        {
            "__Tool__": "tummnist_lenet ",
            "__Version__": "dh_prob_full_testset",
            "__Time__": "2024-10-29 18:30:23"
        }
    ],
    "__evaluations_metrics__": [
        {
            "op_class": 6,
            "op_class_name": "6",
            "op_class_prob": 0.3
        }
    ],
    "__ground_truth_metrics__": [
        {
            "op_class": 7,
            "op_class_name": "7",
            "op_class_prob": 1.0
        }
    ],
    "__image_quality_metrics__": [
        {
            "org_image": "2730",
            "SSIM": 0.16,
            "MSE": 0.06,
            "l0_norm": 784,
            "l2_norm": 6.72,
            "linf_norm": 0.84,
            "transformations": "transformations-gaussian_blur"
        }
    ],
    "__latent_space_distances__": [
        {
            "org_dist": 42.406,
            "curr_dist": "78.189"
        }
    ],
    "__gt_labels__": [
        {
            "__gt_class__": 7,
            "__gt_classname__": "7"
        }
    ]
}