{
    "__version_entry__": [
        {
            "__Tool__": "tummnist_lenet ",
            "__Version__": "dh_prob_full_testset",
            "__Time__": "2024-10-18 17:53:34"
        }
    ],
    "__evaluations_metrics__": [
        {
            "op_class": 1,
            "op_class_name": "1",
            "op_class_prob": 0.25
        }
    ],
    "__ground_truth_metrics__": [
        {
            "op_class": 8,
            "op_class_name": "8",
            "op_class_prob": 1.0
        }
    ],
    "__image_quality_metrics__": [
        {
            "org_image": "1324",
            "SSIM": 0.13,
            "MSE": 0.06,
            "l0_norm": 784,
            "l2_norm": 6.61,
            "linf_norm": 0.8,
            "transformations": "transformations-gaussian_blur"
        }
    ],
    "__gt_labels__": [
        {
            "__gt_class__": 8,
            "__gt_classname__": "8"
        }
    ]
}