{
    "__version_entry__": [
        {
            "__Tool__": "tummnist_lenet ",
            "__Version__": "dh_prob_full_testset",
            "__Time__": "2024-10-29 18:30:23"
        }
    ],
    "__evaluations_metrics__": [
        {
            "op_class": 3,
            "op_class_name": "3",
            "op_class_prob": 0.84
        }
    ],
    "__ground_truth_metrics__": [
        {
            "op_class": 1,
            "op_class_name": "1",
            "op_class_prob": 1.0
        }
    ],
    "__image_quality_metrics__": [
        {
            "org_image": "682",
            "SSIM": 0.04,
            "MSE": 0.43,
            "l0_norm": 507,
            "l2_norm": 18.43,
            "linf_norm": 1.0,
            "transformations": "transformations-fog-speckle_noise"
        }
    ],
    "__latent_space_distances__": [
        {
            "org_dist": 14.827,
            "curr_dist": "58.605"
        }
    ],
    "__gt_labels__": [
        {
            "__gt_class__": 1,
            "__gt_classname__": "1"
        }
    ]
}