{
    "__version_entry__": [
        {
            "__Tool__": "tummnist_lenet ",
            "__Version__": "dh_prob_full_testset",
            "__Time__": "2024-10-29 18:30:23"
        }
    ],
    "__evaluations_metrics__": [
        {
            "op_class": 1,
            "op_class_name": "1",
            "op_class_prob": 0.69
        }
    ],
    "__ground_truth_metrics__": [
        {
            "op_class": 8,
            "op_class_name": "8",
            "op_class_prob": 1.0
        }
    ],
    "__image_quality_metrics__": [
        {
            "org_image": "4126",
            "SSIM": 0.23,
            "MSE": 0.05,
            "l0_norm": 784,
            "l2_norm": 5.94,
            "linf_norm": 0.75,
            "transformations": "transformations-gaussian_blur"
        }
    ],
    "__latent_space_distances__": [
        {
            "org_dist": 24.585,
            "curr_dist": "41.548"
        }
    ],
    "__gt_labels__": [
        {
            "__gt_class__": 8,
            "__gt_classname__": "8"
        }
    ]
}