{
    "__version_entry__": [
        {
            "__Tool__": "tummnist_lenet ",
            "__Version__": "dh_prob_full_testset",
            "__Time__": "2024-10-18 17:53:34"
        }
    ],
    "__evaluations_metrics__": [
        {
            "op_class": 3,
            "op_class_name": "3",
            "op_class_prob": 1.0
        }
    ],
    "__ground_truth_metrics__": [
        {
            "op_class": 1,
            "op_class_name": "1",
            "op_class_prob": 1.0
        }
    ],
    "__image_quality_metrics__": [
        {
            "org_image": "2182",
            "SSIM": 0.22,
            "MSE": 0.24,
            "l0_norm": 784,
            "l2_norm": 13.68,
            "linf_norm": 0.71,
            "transformations": "transformations-equalize-fog"
        }
    ],
    "__gt_labels__": [
        {
            "__gt_class__": 1,
            "__gt_classname__": "1"
        }
    ]
}