{
    "__version_entry__": [
        {
            "__Tool__": "tummnist_lenet ",
            "__Version__": "dh_prob_full_testset",
            "__Time__": "2024-10-18 17:53:34"
        }
    ],
    "__evaluations_metrics__": [
        {
            "op_class": 8,
            "op_class_name": "8",
            "op_class_prob": 0.98
        }
    ],
    "__ground_truth_metrics__": [
        {
            "op_class": 7,
            "op_class_name": "7",
            "op_class_prob": 1.0
        }
    ],
    "__image_quality_metrics__": [
        {
            "org_image": "1734",
            "SSIM": 0.02,
            "MSE": 0.43,
            "l0_norm": 509,
            "l2_norm": 18.34,
            "linf_norm": 1.0,
            "transformations": "transformations-fog-speckle_noise"
        }
    ],
    "__gt_labels__": [
        {
            "__gt_class__": 7,
            "__gt_classname__": "7"
        }
    ]
}