{
    "__version_entry__": [
        {
            "__Tool__": "tummnist_lenet ",
            "__Version__": "dh_prob_full_testset",
            "__Time__": "2024-10-18 17:53:34"
        }
    ],
    "__evaluations_metrics__": [
        {
            "op_class": 8,
            "op_class_name": "8",
            "op_class_prob": 0.72
        }
    ],
    "__ground_truth_metrics__": [
        {
            "op_class": 4,
            "op_class_name": "4",
            "op_class_prob": 1.0
        }
    ],
    "__image_quality_metrics__": [
        {
            "org_image": "881",
            "SSIM": 0.25,
            "MSE": 0.35,
            "l0_norm": 470,
            "l2_norm": 16.67,
            "linf_norm": 1.0,
            "transformations": "transformations-gaussian_noise-equalize"
        }
    ],
    "__gt_labels__": [
        {
            "__gt_class__": 4,
            "__gt_classname__": "4"
        }
    ]
}