{
    "__version_entry__": [
        {
            "__Tool__": "tummnist_lenet ",
            "__Version__": "dh_prob_full_testset",
            "__Time__": "2024-10-29 18:30:23"
        }
    ],
    "__evaluations_metrics__": [
        {
            "op_class": 8,
            "op_class_name": "8",
            "op_class_prob": 1.0
        }
    ],
    "__ground_truth_metrics__": [
        {
            "op_class": 4,
            "op_class_name": "4",
            "op_class_prob": 1.0
        }
    ],
    "__image_quality_metrics__": [
        {
            "org_image": "707",
            "SSIM": 0.24,
            "MSE": 0.35,
            "l0_norm": 447,
            "l2_norm": 16.49,
            "linf_norm": 1.0,
            "transformations": "transformations-gaussian_noise-equalize"
        }
    ],
    "__latent_space_distances__": [
        {
            "org_dist": 34.318,
            "curr_dist": "67.31"
        }
    ],
    "__gt_labels__": [
        {
            "__gt_class__": 4,
            "__gt_classname__": "4"
        }
    ]
}